{
  "timestamp": "2025-06-26T17:49:04.779498Z",
  "battery_parameters": {
    "id": 1,
    "batteryType": "18650",
    "totalVoltage": 12.0,
    "totalBatteryCurrent": 20000.0,
    "ratedCapacity": 2000.0,
    "maxDischarge": 10.0,
    "nominalVoltage": 3.7,
    "maxChargeVoltage": 4.2,
    "chargingCurrent": 1.5
  },
  "data_output": {
    "S": 4,
    "P": 20,
    "v_tot": 12,
    "ah_tot": 20000,
    "used_cells": 80
  },
  "layout_data": {
    "polygon": [
      [
        115,
        219
      ],
      [
        441,
        124
      ],
      [
        605,
        177
      ],
      [
        362,
        42
      ],
      [
        413,
        370
      ],
      [
        115,
        219
      ]
    ],
    "circles": [
      {
        "center": [
          385.0,
          66.5884572681199
        ],
        "radius": 9.0
      },
      {
        "center": [
          394.0,
          82.17691453623979
        ],
        "radius": 9.0
      },
      {
        "center": [
          412.0,
          82.17691453623979
        ],
        "radius": 9.0
      },
      {
        "center": [
          385.0,
          97.76537180435969
        ],
        "radius": 9.0
      },
      {
        "center": [
          403.0,
          97.76537180435969
        ],
        "radius": 9.0
      },
      {
        "center": [
          421.0,
          97.76537180435969
        ],
        "radius": 9.0
      },
      {
        "center": [
          439.0,
          97.76537180435969
        ],
        "radius": 9.0
      },
      {
        "center": [
          394.0,
          113.35382907247958
        ],
        "radius": 9.0
      },
      {
        "center": [
          412.0,
          113.35382907247958
        ],
        "radius": 9.0
      },
      {
        "center": [
          430.0,
          113.35382907247958
        ],
        "radius": 9.0
      },
      {
        "center": [
          448.0,
          113.35382907247958
        ],
        "radius": 9.0
      },
      {
        "center": [
          466.0,
          113.35382907247958
        ],
        "radius": 9.0
      },
      {
        "center": [
          385.0,
          128.94228634059948
        ],
        "radius": 9.0
      },
      {
        "center": [
          493.0,
          128.94228634059948
        ],
        "radius": 9.0
      },
      {
        "center": [
          367.0,
          160.11920087683927
        ],
        "radius": 9.0
      },
      {
        "center": [
          304.0,
          175.70765814495917
        ],
        "radius": 9.0
      },
      {
        "center": [
          322.0,
          175.70765814495917
        ],
        "radius": 9.0
      },
      {
        "center": [
          340.0,
          175.70765814495917
        ],
        "radius": 9.0
      },
      {
        "center": [
          358.0,
          175.70765814495917
        ],
        "radius": 9.0
      },
      {
        "center": [
          259.0,
          191.29611541307906
        ],
        "radius": 9.0
      },
      {
        "center": [
          277.0,
          191.29611541307906
        ],
        "radius": 9.0
      },
      {
        "center": [
          295.0,
          191.29611541307906
        ],
        "radius": 9.0
      },
      {
        "center": [
          313.0,
          191.29611541307906
        ],
        "radius": 9.0
      },
      {
        "center": [
          331.0,
          191.29611541307906
        ],
        "radius": 9.0
      },
      {
        "center": [
          349.0,
          191.29611541307906
        ],
        "radius": 9.0
      },
      {
        "center": [
          367.0,
          191.29611541307906
        ],
        "radius": 9.0
      },
      {
        "center": [
          196.0,
          206.88457268119896
        ],
        "radius": 9.0
      },
      {
        "center": [
          214.0,
          206.88457268119896
        ],
        "radius": 9.0
      },
      {
        "center": [
          232.0,
          206.88457268119896
        ],
        "radius": 9.0
      },
      {
        "center": [
          250.0,
          206.88457268119896
        ],
        "radius": 9.0
      },
      {
        "center": [
          268.0,
          206.88457268119896
        ],
        "radius": 9.0
      },
      {
        "center": [
          286.0,
          206.88457268119896
        ],
        "radius": 9.0
      },
      {
        "center": [
          304.0,
          206.88457268119896
        ],
        "radius": 9.0
      },
      {
        "center": [
          322.0,
          206.88457268119896
        ],
        "radius": 9.0
      },
      {
        "center": [
          340.0,
          206.88457268119896
        ],
        "radius": 9.0
      },
      {
        "center": [
          358.0,
          206.88457268119896
        ],
        "radius": 9.0
      },
      {
        "center": [
          376.0,
          206.88457268119896
        ],
        "radius": 9.0
      },
      {
        "center": [
          151.0,
          222.47302994931886
        ],
        "radius": 9.0
      },
      {
        "center": [
          169.0,
          222.47302994931886
        ],
        "radius": 9.0
      },
      {
        "center": [
          187.0,
          222.47302994931886
        ],
        "radius": 9.0
      },
      {
        "center": [
          205.0,
          222.47302994931886
        ],
        "radius": 9.0
      },
      {
        "center": [
          223.0,
          222.47302994931886
        ],
        "radius": 9.0
      },
      {
        "center": [
          241.0,
          222.47302994931886
        ],
        "radius": 9.0
      },
      {
        "center": [
          259.0,
          222.47302994931886
        ],
        "radius": 9.0
      },
      {
        "center": [
          277.0,
          222.47302994931886
        ],
        "radius": 9.0
      },
      {
        "center": [
          295.0,
          222.47302994931886
        ],
        "radius": 9.0
      },
      {
        "center": [
          313.0,
          222.47302994931886
        ],
        "radius": 9.0
      },
      {
        "center": [
          331.0,
          222.47302994931886
        ],
        "radius": 9.0
      },
      {
        "center": [
          349.0,
          222.47302994931886
        ],
        "radius": 9.0
      },
      {
        "center": [
          367.0,
          222.47302994931886
        ],
        "radius": 9.0
      },
      {
        "center": [
          178.0,
          238.06148721743875
        ],
        "radius": 9.0
      },
      {
        "center": [
          196.0,
          238.06148721743875
        ],
        "radius": 9.0
      },
      {
        "center": [
          214.0,
          238.06148721743875
        ],
        "radius": 9.0
      },
      {
        "center": [
          232.0,
          238.06148721743875
        ],
        "radius": 9.0
      },
      {
        "center": [
          250.0,
          238.06148721743875
        ],
        "radius": 9.0
      },
      {
        "center": [
          268.0,
          238.06148721743875
        ],
        "radius": 9.0
      },
      {
        "center": [
          286.0,
          238.06148721743875
        ],
        "radius": 9.0
      },
      {
        "center": [
          304.0,
          238.06148721743875
        ],
        "radius": 9.0
      },
      {
        "center": [
          322.0,
          238.06148721743875
        ],
        "radius": 9.0
      },
      {
        "center": [
          340.0,
          238.06148721743875
        ],
        "radius": 9.0
      },
      {
        "center": [
          358.0,
          238.06148721743875
        ],
        "radius": 9.0
      },
      {
        "center": [
          376.0,
          238.06148721743875
        ],
        "radius": 9.0
      },
      {
        "center": [
          205.0,
          253.64994448555865
        ],
        "radius": 9.0
      },
      {
        "center": [
          223.0,
          253.64994448555865
        ],
        "radius": 9.0
      },
      {
        "center": [
          241.0,
          253.64994448555865
        ],
        "radius": 9.0
      },
      {
        "center": [
          259.0,
          253.64994448555865
        ],
        "radius": 9.0
      },
      {
        "center": [
          277.0,
          253.64994448555865
        ],
        "radius": 9.0
      },
      {
        "center": [
          295.0,
          253.64994448555865
        ],
        "radius": 9.0
      },
      {
        "center": [
          313.0,
          253.64994448555865
        ],
        "radius": 9.0
      },
      {
        "center": [
          331.0,
          253.64994448555865
        ],
        "radius": 9.0
      },
      {
        "center": [
          349.0,
          253.64994448555865
        ],
        "radius": 9.0
      },
      {
        "center": [
          367.0,
          253.64994448555865
        ],
        "radius": 9.0
      },
      {
        "center": [
          385.0,
          253.64994448555865
        ],
        "radius": 9.0
      },
      {
        "center": [
          250.0,
          269.23840175367854
        ],
        "radius": 9.0
      },
      {
        "center": [
          268.0,
          269.23840175367854
        ],
        "radius": 9.0
      },
      {
        "center": [
          286.0,
          269.23840175367854
        ],
        "radius": 9.0
      },
      {
        "center": [
          304.0,
          269.23840175367854
        ],
        "radius": 9.0
      },
      {
        "center": [
          322.0,
          269.23840175367854
        ],
        "radius": 9.0
      },
      {
        "center": [
          340.0,
          269.23840175367854
        ],
        "radius": 9.0
      },
      {
        "center": [
          358.0,
          269.23840175367854
        ],
        "radius": 9.0
      },
      {
        "center": [
          376.0,
          269.23840175367854
        ],
        "radius": 9.0
      },
      {
        "center": [
          277.0,
          284.82685902179844
        ],
        "radius": 9.0
      },
      {
        "center": [
          295.0,
          284.82685902179844
        ],
        "radius": 9.0
      },
      {
        "center": [
          313.0,
          284.82685902179844
        ],
        "radius": 9.0
      },
      {
        "center": [
          331.0,
          284.82685902179844
        ],
        "radius": 9.0
      },
      {
        "center": [
          349.0,
          284.82685902179844
        ],
        "radius": 9.0
      },
      {
        "center": [
          367.0,
          284.82685902179844
        ],
        "radius": 9.0
      },
      {
        "center": [
          385.0,
          284.82685902179844
        ],
        "radius": 9.0
      },
      {
        "center": [
          304.0,
          300.41531628991834
        ],
        "radius": 9.0
      },
      {
        "center": [
          322.0,
          300.41531628991834
        ],
        "radius": 9.0
      },
      {
        "center": [
          340.0,
          300.41531628991834
        ],
        "radius": 9.0
      },
      {
        "center": [
          358.0,
          300.41531628991834
        ],
        "radius": 9.0
      },
      {
        "center": [
          376.0,
          300.41531628991834
        ],
        "radius": 9.0
      },
      {
        "center": [
          331.0,
          316.00377355803823
        ],
        "radius": 9.0
      },
      {
        "center": [
          349.0,
          316.00377355803823
        ],
        "radius": 9.0
      },
      {
        "center": [
          367.0,
          316.00377355803823
        ],
        "radius": 9.0
      },
      {
        "center": [
          385.0,
          316.00377355803823
        ],
        "radius": 9.0
      },
      {
        "center": [
          358.0,
          331.59223082615813
        ],
        "radius": 9.0
      },
      {
        "center": [
          376.0,
          331.59223082615813
        ],
        "radius": 9.0
      },
      {
        "center": [
          394.0,
          331.59223082615813
        ],
        "radius": 9.0
      }
    ],
    "gruppi": [
      [
        0,
        1,
        2,
        3,
        4,
        5,
        6,
        7,
        8,
        9,
        12,
        10,
        11,
        14,
        13,
        18,
        17,
        24,
        25,
        15
      ],
      [
        16,
        19,
        20,
        21,
        22,
        23,
        30,
        31,
        32,
        33,
        34,
        35,
        36,
        44,
        45,
        46,
        47,
        48,
        49,
        56
      ],
      [
        26,
        27,
        28,
        29,
        37,
        38,
        39,
        40,
        41,
        42,
        43,
        50,
        51,
        52,
        53,
        54,
        62,
        63,
        64,
        55
      ],
      [
        57,
        58,
        59,
        60,
        61,
        65,
        66,
        67,
        68,
        69,
        70,
        71,
        73,
        74,
        75,
        76,
        77,
        78,
        79,
        81
      ]
    ],
    "serie_connections": [
      {
        "from": [
          397.6,
          125.82459488697548
        ],
        "to": [
          313.45,
          207.66399554460494
        ]
      },
      {
        "from": [
          313.45,
          207.66399554460494
        ],
        "to": [
          216.7,
          228.7084128565669
        ]
      },
      {
        "from": [
          216.7,
          228.7084128565669
        ],
        "to": [
          314.8,
          256.7676359391827
        ]
      }
    ]
  }
}